dc:identifier,dc:modified,ayto:type,ayto:latitude,ayto:longitude,ayto:temperature,ayto:battery,ayto:light,ayto:noise,uri
483,2021-08-27T07:48:03Z,NoiseLevelObserved,43.46471,-3.80713,,,,50.0,http://datos.santander.es/api/datos/sensores_smart_env_monitoring/483.csv
527,2021-08-27T07:48:01Z,NoiseLevelObserved,43.46296,-3.80129,,,,60.9,http://datos.santander.es/api/datos/sensores_smart_env_monitoring/527.csv
273,2021-08-27T07:48:00Z,WeatherObserved,43.46275,-3.7996,22.19,,0.0,,http://datos.santander.es/api/datos/sensores_smart_env_monitoring/273.csv
533,2021-08-27T07:47:57Z,WeatherObserved,43.46323,-3.79979,23.93,,501.61,,http://datos.santander.es/api/datos/sensores_smart_env_monitoring/533.csv
272,2021-08-27T07:47:50Z,NoiseLevelObserved,43.46328,-3.79957,,,,60.0,http://datos.santander.es/api/datos/sensores_smart_env_monitoring/272.csv
276,2021-08-27T07:47:49Z,WeatherObserved,43.46326,-3.79737,25.87,,11206.76,,http://datos.santander.es/api/datos/sensores_smart_env_monitoring/276.csv
271,2021-08-27T07:47:48Z,WeatherObserved,43.46251,-3.80022,21.29,,2221.35,,http://datos.santander.es/api/datos/sensores_smart_env_monitoring/271.csv
456,2021-08-27T07:47:47Z,WeatherObserved,43.46238,-3.80069,30.58,,5272.43,,http://datos.santander.es/api/datos/sensores_smart_env_monitoring/456.csv
306,2021-08-27T07:47:45Z,NoiseLevelObserved,43.46462,-3.79761,,,,51.5,http://datos.santander.es/api/datos/sensores_smart_env_monitoring/306.csv
338,2021-08-27T07:47:43Z,WeatherObserved,43.46365,-3.80696,22.38,,0.0,,http://datos.santander.es/api/datos/sensores_smart_env_monitoring/338.csv
252,2021-08-27T07:47:43Z,WeatherObserved,43.46303,-3.79986,25.54,,0.0,,http://datos.santander.es/api/datos/sensores_smart_env_monitoring/252.csv
491,2021-08-27T07:47:43Z,WeatherObserved,43.46453,-3.805,27.48,,6561887.4,,http://datos.santander.es/api/datos/sensores_smart_env_monitoring/491.csv
371,2021-08-27T07:47:42Z,WeatherObserved,43.46354,-3.8107,0.0,,0.0,,http://datos.santander.es/api/datos/sensores_smart_env_monitoring/371.csv
382,2021-08-27T07:47:39Z,WeatherObserved,43.46401,-3.79682,22.45,,3561.81,,http://datos.santander.es/api/datos/sensores_smart_env_monitoring/382.csv
357,2021-08-27T07:47:37Z,NoiseLevelObserved,43.46323,-3.80882,,,,53.2,http://datos.santander.es/api/datos/sensores_smart_env_monitoring/357.csv
404,2021-08-27T07:47:35Z,NoiseLevelObserved,43.4633,-3.7968,,,,50.0,http://datos.santander.es/api/datos/sensores_smart_env_monitoring/404.csv
498,2021-08-27T07:47:30Z,NoiseLevelObserved,43.46434,-3.80725,,,,50.0,http://datos.santander.es/api/datos/sensores_smart_env_monitoring/498.csv
250,2021-08-27T07:47:29Z,WeatherObserved,43.4622,-3.80368,22.0,,440.24,,http://datos.santander.es/api/datos/sensores_smart_env_monitoring/250.csv
481,2021-08-27T07:47:22Z,NoiseLevelObserved,43.46477,-3.8081,,,,52.0,http://datos.santander.es/api/datos/sensores_smart_env_monitoring/481.csv
304,2021-08-27T07:47:20Z,WeatherObserved,43.46448,-3.79789,0.0,,0.0,,http://datos.santander.es/api/datos/sensores_smart_env_monitoring/304.csv
378,2021-08-27T07:47:20Z,WeatherObserved,43.46516,-3.79705,0.0,,3014.58,,http://datos.santander.es/api/datos/sensores_smart_env_monitoring/378.csv
2561,2021-08-27T07:47:18Z,WeatherObserved,43.4634,-3.79893,0.0,,2186.07,,http://datos.santander.es/api/datos/sensores_smart_env_monitoring/2561.csv
292,2021-08-27T07:47:17Z,WeatherObserved,43.46426,-3.80034,23.29,,175.5,,http://datos.santander.es/api/datos/sensores_smart_env_monitoring/292.csv
275,2021-08-27T07:47:16Z,NoiseLevelObserved,43.46258,-3.79933,,,,52.5,http://datos.santander.es/api/datos/sensores_smart_env_monitoring/275.csv
501,2021-08-27T07:47:16Z,WeatherObserved,43.46406,-3.80615,23.93,,953.83,,http://datos.santander.es/api/datos/sensores_smart_env_monitoring/501.csv
465,2021-08-27T07:47:12Z,WeatherObserved,43.46367,-3.79853,28.7,,0.0,,http://datos.santander.es/api/datos/sensores_smart_env_monitoring/465.csv
486,2021-08-27T07:47:07Z,NoiseLevelObserved,43.46485,-3.80559,,,,50.0,http://datos.santander.es/api/datos/sensores_smart_env_monitoring/486.csv
256,2021-08-27T07:47:05Z,WeatherObserved,43.46221,-3.80235,20.9,,2409.85,,http://datos.santander.es/api/datos/sensores_smart_env_monitoring/256.csv
525,2021-08-27T07:46:58Z,WeatherObserved,43.46349,-3.80142,22.0,,0.0,,http://datos.santander.es/api/datos/sensores_smart_env_monitoring/525.csv
249,2021-08-27T07:46:53Z,WeatherObserved,43.46232,-3.80347,20.51,,0.0,,http://datos.santander.es/api/datos/sensores_smart_env_monitoring/249.csv
183,2021-08-27T07:46:50Z,WeatherObserved,43.46315,-3.79634,0.0,,0.0,,http://datos.santander.es/api/datos/sensores_smart_env_monitoring/183.csv
539,2021-08-27T07:46:39Z,WeatherObserved,43.46263,-3.80036,0.0,,48032.31,,http://datos.santander.es/api/datos/sensores_smart_env_monitoring/539.csv
365,2021-08-27T07:46:37Z,WeatherObserved,43.46324,-3.8105,24.64,,34609.04,,http://datos.santander.es/api/datos/sensores_smart_env_monitoring/365.csv
470,2021-08-27T07:46:33Z,WeatherObserved,43.46429,-3.79971,22.83,,2533.54,,http://datos.santander.es/api/datos/sensores_smart_env_monitoring/470.csv
342,2021-08-27T07:46:32Z,WeatherObserved,43.46343,-3.80627,0.0,,73.78,,http://datos.santander.es/api/datos/sensores_smart_env_monitoring/342.csv
518,2021-08-27T07:46:30Z,WeatherObserved,43.46442,-3.80884,0.0,,0.2,,http://datos.santander.es/api/datos/sensores_smart_env_monitoring/518.csv
288,2021-08-27T07:46:28Z,WeatherObserved,43.46358,-3.79689,21.93,,1900.25,,http://datos.santander.es/api/datos/sensores_smart_env_monitoring/288.csv
368,2021-08-27T07:46:25Z,WeatherObserved,43.46352,-3.81118,-4.06,,0.0,,http://datos.santander.es/api/datos/sensores_smart_env_monitoring/368.csv
538,2021-08-27T07:46:20Z,WeatherObserved,43.46282,-3.80018,23.35,,0.0,,http://datos.santander.es/api/datos/sensores_smart_env_monitoring/538.csv
515,2021-08-27T07:46:19Z,WeatherObserved,43.46399,-3.80893,20.96,,0.0,,http://datos.santander.es/api/datos/sensores_smart_env_monitoring/515.csv
79,2021-08-27T07:46:17Z,WeatherObserved,43.47106,-3.80101,23.22,,,,http://datos.santander.es/api/datos/sensores_smart_env_monitoring/79.csv
489,2021-08-27T07:46:15Z,WeatherObserved,43.46446,-3.80643,22.25,,0.0,,http://datos.santander.es/api/datos/sensores_smart_env_monitoring/489.csv
385,2021-08-27T07:46:13Z,WeatherObserved,43.46463,-3.79669,21.22,,3365.18,,http://datos.santander.es/api/datos/sensores_smart_env_monitoring/385.csv
381,2021-08-27T07:46:09Z,WeatherObserved,43.464,-3.79697,21.61,,705.16,,http://datos.santander.es/api/datos/sensores_smart_env_monitoring/381.csv
277,2021-08-27T07:46:07Z,WeatherObserved,43.46324,-3.79764,28.12,,0.0,,http://datos.santander.es/api/datos/sensores_smart_env_monitoring/277.csv
517,2021-08-27T07:46:06Z,WeatherObserved,43.46415,-3.80881,0.0,,0.0,,http://datos.santander.es/api/datos/sensores_smart_env_monitoring/517.csv
526,2021-08-27T07:46:05Z,WeatherObserved,43.46254,-3.80129,0.0,,0.0,,http://datos.santander.es/api/datos/sensores_smart_env_monitoring/526.csv
258,2021-08-27T07:46:03Z,NoiseLevelObserved,43.46262,-3.80161,,,,51.0,http://datos.santander.es/api/datos/sensores_smart_env_monitoring/258.csv
508,2021-08-27T07:45:57Z,WeatherObserved,43.46424,-3.80545,21.54,,218.89,,http://datos.santander.es/api/datos/sensores_smart_env_monitoring/508.csv
528,2021-08-27T07:45:47Z,WeatherObserved,43.4631,-3.80123,23.8,,0.0,,http://datos.santander.es/api/datos/sensores_smart_env_monitoring/528.csv
351,2021-08-27T07:45:46Z,WeatherObserved,43.4631,-3.80938,29.74,,4829.32,,http://datos.santander.es/api/datos/sensores_smart_env_monitoring/351.csv
340,2021-08-27T07:45:45Z,WeatherObserved,43.46364,-3.80633,21.41,,0.03,,http://datos.santander.es/api/datos/sensores_smart_env_monitoring/340.csv
516,2021-08-27T07:45:40Z,WeatherObserved,43.4639,-3.8088,20.58,,0.0,,http://datos.santander.es/api/datos/sensores_smart_env_monitoring/516.csv
524,2021-08-27T07:45:39Z,WeatherObserved,43.46268,-3.80264,35.87,,86.29,,http://datos.santander.es/api/datos/sensores_smart_env_monitoring/524.csv
2560,2021-08-27T07:45:38Z,WeatherObserved,43.46412,-3.79846,0.0,,1135.73,,http://datos.santander.es/api/datos/sensores_smart_env_monitoring/2560.csv
358,2021-08-27T07:45:37Z,WeatherObserved,43.46307,-3.80887,23.03,,0.0,,http://datos.santander.es/api/datos/sensores_smart_env_monitoring/358.csv
402,2021-08-27T07:45:36Z,WeatherObserved,43.46277,-3.79724,21.48,,100.25,,http://datos.santander.es/api/datos/sensores_smart_env_monitoring/402.csv
339,2021-08-27T07:45:33Z,WeatherObserved,43.46334,-3.80668,26.58,,0.0,,http://datos.santander.es/api/datos/sensores_smart_env_monitoring/339.csv
260,2021-08-27T07:45:32Z,WeatherObserved,43.46361,-3.8019,33.87,,4005.72,,http://datos.santander.es/api/datos/sensores_smart_env_monitoring/260.csv
397,2021-08-27T07:45:26Z,WeatherObserved,43.4627,-3.80292,24.9,,0.0,,http://datos.santander.es/api/datos/sensores_smart_env_monitoring/397.csv
303,2021-08-27T07:45:21Z,WeatherObserved,43.46442,-3.79846,22.0,,0.0,,http://datos.santander.es/api/datos/sensores_smart_env_monitoring/303.csv
419,2021-08-27T07:45:20Z,WeatherObserved,43.46469,-3.79716,27.29,,0.0,,http://datos.santander.es/api/datos/sensores_smart_env_monitoring/419.csv
329,2021-08-27T07:45:16Z,WeatherObserved,43.46439,-3.80793,22.25,,0.0,,http://datos.santander.es/api/datos/sensores_smart_env_monitoring/329.csv
259,2021-08-27T07:45:16Z,WeatherObserved,43.46301,-3.80204,22.45,,1180.5,,http://datos.santander.es/api/datos/sensores_smart_env_monitoring/259.csv
496,2021-08-27T07:45:13Z,WeatherObserved,43.4644,-3.80631,43.67,,0.0,,http://datos.santander.es/api/datos/sensores_smart_env_monitoring/496.csv
356,2021-08-27T07:45:12Z,WeatherObserved,43.46293,-3.80901,23.67,,376.85,,http://datos.santander.es/api/datos/sensores_smart_env_monitoring/356.csv
403,2021-08-27T07:45:12Z,WeatherObserved,43.46327,-3.79711,29.74,,0.0,,http://datos.santander.es/api/datos/sensores_smart_env_monitoring/403.csv
529,2021-08-27T07:45:09Z,WeatherObserved,43.46313,-3.80097,23.54,,95.6,,http://datos.santander.es/api/datos/sensores_smart_env_monitoring/529.csv
299,2021-08-27T07:45:07Z,WeatherObserved,43.46438,-3.79872,21.67,,3069.41,,http://datos.santander.es/api/datos/sensores_smart_env_monitoring/299.csv
519,2021-08-27T07:45:06Z,WeatherObserved,43.46475,-3.80885,24.64,,139.3,,http://datos.santander.es/api/datos/sensores_smart_env_monitoring/519.csv
399,2021-08-27T07:45:04Z,WeatherObserved,43.4627,-3.79807,21.35,,0.0,,http://datos.santander.es/api/datos/sensores_smart_env_monitoring/399.csv
540,2021-08-27T07:45:04Z,WeatherObserved,43.46241,-3.80084,22.96,,44.41,,http://datos.santander.es/api/datos/sensores_smart_env_monitoring/540.csv
280,2021-08-27T07:45:02Z,WeatherObserved,43.46308,-3.79848,22.96,,0.0,,http://datos.santander.es/api/datos/sensores_smart_env_monitoring/280.csv
354,2021-08-27T07:45:02Z,WeatherObserved,43.46249,-3.80917,0.0,,919.88,,http://datos.santander.es/api/datos/sensores_smart_env_monitoring/354.csv
461,2021-08-27T07:45:01Z,WeatherObserved,43.46321,-3.79798,28.45,,0.0,,http://datos.santander.es/api/datos/sensores_smart_env_monitoring/461.csv
507,2021-08-27T07:44:59Z,WeatherObserved,43.46409,-3.80545,21.03,,618.41,,http://datos.santander.es/api/datos/sensores_smart_env_monitoring/507.csv
376,2021-08-27T07:44:57Z,WeatherObserved,43.46369,-3.81107,21.54,,1260.42,,http://datos.santander.es/api/datos/sensores_smart_env_monitoring/376.csv
293,2021-08-27T07:44:55Z,WeatherObserved,43.46468,-3.79723,27.61,,38395.44,,http://datos.santander.es/api/datos/sensores_smart_env_monitoring/293.csv
262,2021-08-27T07:44:54Z,WeatherObserved,43.46295,-3.80232,22.7,,1504.63,,http://datos.santander.es/api/datos/sensores_smart_env_monitoring/262.csv
373,2021-08-27T07:44:49Z,WeatherObserved,43.46368,-3.81054,21.54,,0.0,,http://datos.santander.es/api/datos/sensores_smart_env_monitoring/373.csv
296,2021-08-27T07:44:43Z,WeatherObserved,43.46425,-3.79992,32.9,,50993.28,,http://datos.santander.es/api/datos/sensores_smart_env_monitoring/296.csv
503,2021-08-27T07:44:39Z,WeatherObserved,43.46335,-3.80643,25.41,,0.0,,http://datos.santander.es/api/datos/sensores_smart_env_monitoring/503.csv
254,2021-08-27T07:44:35Z,WeatherObserved,43.46197,-3.8028,0.0,,5515.6,,http://datos.santander.es/api/datos/sensores_smart_env_monitoring/254.csv
513,2021-08-27T07:44:34Z,WeatherObserved,43.464,-3.80987,22.0,,0.0,,http://datos.santander.es/api/datos/sensores_smart_env_monitoring/513.csv
295,2021-08-27T07:44:33Z,WeatherObserved,43.46428,-3.79994,24.7,,2620.86,,http://datos.santander.es/api/datos/sensores_smart_env_monitoring/295.csv
372,2021-08-27T07:44:19Z,WeatherObserved,43.46366,-3.81079,0.0,,0.0,,http://datos.santander.es/api/datos/sensores_smart_env_monitoring/372.csv
384,2021-08-27T07:44:16Z,WeatherObserved,43.46436,-3.79663,0.0,,61.65,,http://datos.santander.es/api/datos/sensores_smart_env_monitoring/384.csv
466,2021-08-27T07:44:14Z,WeatherObserved,43.46393,-3.79777,-0.38,,0.0,,http://datos.santander.es/api/datos/sensores_smart_env_monitoring/466.csv
286,2021-08-27T07:44:13Z,WeatherObserved,43.46354,-3.7983,22.45,,6.38,,http://datos.santander.es/api/datos/sensores_smart_env_monitoring/286.csv
291,2021-08-27T07:44:12Z,WeatherObserved,43.46423,-3.80059,23.67,,10870.93,,http://datos.santander.es/api/datos/sensores_smart_env_monitoring/291.csv
363,2021-08-27T07:44:02Z,WeatherObserved,43.46327,-3.8105,34.12,,0.0,,http://datos.santander.es/api/datos/sensores_smart_env_monitoring/363.csv
453,2021-08-27T07:44:02Z,WeatherObserved,43.46212,-3.80402,19.61,,277.64,,http://datos.santander.es/api/datos/sensores_smart_env_monitoring/453.csv
266,2021-08-27T07:44:00Z,WeatherObserved,43.46291,-3.80069,22.38,,506.76,,http://datos.santander.es/api/datos/sensores_smart_env_monitoring/266.csv
274,2021-08-27T07:44:00Z,WeatherObserved,43.46248,-3.7996,21.8,,10870.93,,http://datos.santander.es/api/datos/sensores_smart_env_monitoring/274.csv
488,2021-08-27T07:43:54Z,WeatherObserved,43.46467,-3.80619,0.0,,70729.82,,http://datos.santander.es/api/datos/sensores_smart_env_monitoring/488.csv
370,2021-08-27T07:43:44Z,WeatherObserved,43.46367,-3.81114,22.38,,3183.23,,http://datos.santander.es/api/datos/sensores_smart_env_monitoring/370.csv
536,2021-08-27T07:43:36Z,WeatherObserved,43.46301,-3.79968,25.22,,9129.01,,http://datos.santander.es/api/datos/sensores_smart_env_monitoring/536.csv
514,2021-08-27T07:43:34Z,WeatherObserved,43.464,-3.80939,0.0,,0.29,,http://datos.santander.es/api/datos/sensores_smart_env_monitoring/514.csv
506,2021-08-27T07:43:32Z,WeatherObserved,43.46385,-3.80545,23.35,,247.31,,http://datos.santander.es/api/datos/sensores_smart_env_monitoring/506.csv
2502,2021-08-27T07:43:24Z,WeatherObserved,43.46368,-3.81021,0.0,,0.0,,http://datos.santander.es/api/datos/sensores_smart_env_monitoring/2502.csv
361,2021-08-27T07:43:23Z,WeatherObserved,43.46334,-3.8088,0.0,,330.29,,http://datos.santander.es/api/datos/sensores_smart_env_monitoring/361.csv
497,2021-08-27T07:43:21Z,WeatherObserved,43.46439,-3.80661,22.64,,2409.85,,http://datos.santander.es/api/datos/sensores_smart_env_monitoring/497.csv
455,2021-08-27T07:43:20Z,WeatherObserved,43.46233,-3.80013,22.06,,1294.38,,http://datos.santander.es/api/datos/sensores_smart_env_monitoring/455.csv
302,2021-08-27T07:43:10Z,WeatherObserved,43.46386,-3.79836,21.54,,114.78,,http://datos.santander.es/api/datos/sensores_smart_env_monitoring/302.csv
400,2021-08-27T07:43:08Z,WeatherObserved,43.46272,-3.79783,19.87,,1615.31,,http://datos.santander.es/api/datos/sensores_smart_env_monitoring/400.csv
283,2021-08-27T07:41:59Z,WeatherObserved,43.46337,-3.79916,23.03,,1107.12,,http://datos.santander.es/api/datos/sensores_smart_env_monitoring/283.csv
463,2021-08-27T07:41:56Z,WeatherObserved,43.46356,-3.79963,21.87,,3.66,,http://datos.santander.es/api/datos/sensores_smart_env_monitoring/463.csv
2562,2021-08-27T07:40:30Z,WeatherObserved,43.46337,-3.79942,22.25,,303.99,,http://datos.santander.es/api/datos/sensores_smart_env_monitoring/2562.csv
374,2021-08-27T07:40:02Z,WeatherObserved,43.46369,-3.80995,0.0,,0.0,,http://datos.santander.es/api/datos/sensores_smart_env_monitoring/374.csv
91,2021-08-27T07:35:16Z,NoiseLevelObserved,43.47198,-3.80134,,,,50.0,http://datos.santander.es/api/datos/sensores_smart_env_monitoring/91.csv
282,2021-08-27T06:50:51Z,WeatherObserved,43.46369,-3.79979,21.29,,496.53,,http://datos.santander.es/api/datos/sensores_smart_env_monitoring/282.csv
82,2021-08-27T05:49:24Z,WeatherObserved,43.47126,-3.80054,19.61,,,,http://datos.santander.es/api/datos/sensores_smart_env_monitoring/82.csv
652,2021-08-27T05:09:26Z,WeatherObserved,43.45854,-3.80872,18.58,,0.0,,http://datos.santander.es/api/datos/sensores_smart_env_monitoring/652.csv
634,2021-08-27T05:08:41Z,WeatherObserved,43.4591,-3.80929,18.51,,24.79,,http://datos.santander.es/api/datos/sensores_smart_env_monitoring/634.csv
734,2021-08-27T05:06:26Z,WeatherObserved,43.45802,-3.80995,18.45,,12.15,,http://datos.santander.es/api/datos/sensores_smart_env_monitoring/734.csv
650,2021-08-27T05:02:39Z,WeatherObserved,43.45839,-3.80971,17.93,,0.0,,http://datos.santander.es/api/datos/sensores_smart_env_monitoring/650.csv
625,2021-08-27T05:00:40Z,WeatherObserved,43.4582,-3.80992,0.0,,0.0,,http://datos.santander.es/api/datos/sensores_smart_env_monitoring/625.csv
631,2021-08-27T04:58:29Z,WeatherObserved,43.45938,-3.80872,17.22,,0.0,,http://datos.santander.es/api/datos/sensores_smart_env_monitoring/631.csv
640,2021-08-27T04:58:24Z,WeatherObserved,43.4584,-3.80922,18.0,,0.0,,http://datos.santander.es/api/datos/sensores_smart_env_monitoring/640.csv
641,2021-08-27T04:58:22Z,WeatherObserved,43.45788,-3.81141,0.0,,0.0,,http://datos.santander.es/api/datos/sensores_smart_env_monitoring/641.csv
646,2021-08-27T04:41:51Z,WeatherObserved,43.4592,-3.80895,17.61,,0.0,,http://datos.santander.es/api/datos/sensores_smart_env_monitoring/646.csv
647,2021-08-27T04:38:24Z,WeatherObserved,43.45761,-3.80995,0.0,,0.0,,http://datos.santander.es/api/datos/sensores_smart_env_monitoring/647.csv
537,2021-08-27T03:18:16Z,WeatherObserved,43.4628,-3.80031,0.0,,0.02,,http://datos.santander.es/api/datos/sensores_smart_env_monitoring/537.csv
284,2021-08-27T03:17:41Z,WeatherObserved,43.46357,-3.79713,18.19,,0.01,,http://datos.santander.es/api/datos/sensores_smart_env_monitoring/284.csv
636,2021-08-27T03:08:55Z,WeatherObserved,43.45781,-3.81165,18.51,,0.0,,http://datos.santander.es/api/datos/sensores_smart_env_monitoring/636.csv
732,2021-08-27T03:06:43Z,NoiseLevelObserved,43.45647,-3.81201,,,,53.5,http://datos.santander.es/api/datos/sensores_smart_env_monitoring/732.csv
649,2021-08-27T02:41:49Z,WeatherObserved,43.45731,-3.81245,18.38,,0.04,,http://datos.santander.es/api/datos/sensores_smart_env_monitoring/649.csv
642,2021-08-27T02:39:28Z,WeatherObserved,43.45711,-3.81211,17.8,,0.0,,http://datos.santander.es/api/datos/sensores_smart_env_monitoring/642.csv
635,2021-08-27T02:33:51Z,WeatherObserved,43.45527,-3.81383,18.45,,0.0,,http://datos.santander.es/api/datos/sensores_smart_env_monitoring/635.csv
472,2021-07-19T12:16:16Z,WeatherObserved,43.4632,-3.80296,24.58,,0.0,,http://datos.santander.es/api/datos/sensores_smart_env_monitoring/472.csv
324,2021-07-19T12:16:16Z,WeatherObserved,43.46387,-3.80474,25.61,,2.3,,http://datos.santander.es/api/datos/sensores_smart_env_monitoring/324.csv
478,2021-07-19T12:16:16Z,WeatherObserved,43.46276,-3.80485,24.83,,481.66,,http://datos.santander.es/api/datos/sensores_smart_env_monitoring/478.csv
313,2021-07-19T12:11:11Z,WeatherObserved,43.46317,-3.80328,0.0,,0.51,,http://datos.santander.es/api/datos/sensores_smart_env_monitoring/313.csv
308,2021-07-19T12:11:08Z,WeatherObserved,43.46271,-3.80518,26.25,,1294.38,,http://datos.santander.es/api/datos/sensores_smart_env_monitoring/308.csv
309,2021-07-19T12:10:56Z,WeatherObserved,43.46256,-3.80455,0.0,,17353.01,,http://datos.santander.es/api/datos/sensores_smart_env_monitoring/309.csv
325,2021-07-19T12:10:31Z,WeatherObserved,43.46379,-3.80416,0.0,,462.68,,http://datos.santander.es/api/datos/sensores_smart_env_monitoring/325.csv
479,2021-07-19T12:09:21Z,WeatherObserved,43.46299,-3.80428,24.9,,2052.33,,http://datos.santander.es/api/datos/sensores_smart_env_monitoring/479.csv
314,2021-07-19T12:08:27Z,WeatherObserved,43.46387,-3.80364,24.32,,13130.62,,http://datos.santander.es/api/datos/sensores_smart_env_monitoring/314.csv
311,2021-07-19T12:08:09Z,WeatherObserved,43.46321,-3.80446,26.58,,0.0,,http://datos.santander.es/api/datos/sensores_smart_env_monitoring/311.csv
326,2021-07-19T12:04:04Z,WeatherObserved,43.4641,-3.80333,25.61,,2409.85,,http://datos.santander.es/api/datos/sensores_smart_env_monitoring/326.csv
367,2021-07-07T00:15:58Z,WeatherObserved,43.46336,-3.81131,17.8,,0.0,,http://datos.santander.es/api/datos/sensores_smart_env_monitoring/367.csv
70,2021-07-04T23:59:55Z,WeatherObserved,43.47137,-3.80232,16.0,,,,http://datos.santander.es/api/datos/sensores_smart_env_monitoring/70.csv
10007,2021-06-30T20:47:41Z,WeatherObserved,43.47204,-3.80033,22.19,,0.0,,http://datos.santander.es/api/datos/sensores_smart_env_monitoring/10007.csv
10006,2021-06-30T20:47:30Z,WeatherObserved,43.47201,-3.80026,21.22,,0.0,,http://datos.santander.es/api/datos/sensores_smart_env_monitoring/10006.csv
10015,2021-06-30T20:47:23Z,WeatherObserved,43.47213,-3.80013,20.7,,0.0,,http://datos.santander.es/api/datos/sensores_smart_env_monitoring/10015.csv
10011,2021-06-30T20:46:45Z,WeatherObserved,43.47194,-3.80008,22.96,,0.0,,http://datos.santander.es/api/datos/sensores_smart_env_monitoring/10011.csv
10005,2021-06-30T20:46:11Z,WeatherObserved,43.47197,-3.80035,19.93,,0.0,,http://datos.santander.es/api/datos/sensores_smart_env_monitoring/10005.csv
10001,2021-06-30T20:46:04Z,WeatherObserved,43.47182,-3.80023,21.87,,0.0,,http://datos.santander.es/api/datos/sensores_smart_env_monitoring/10001.csv
10013,2021-06-30T20:45:33Z,WeatherObserved,43.47207,-3.8001,21.22,,0.0,,http://datos.santander.es/api/datos/sensores_smart_env_monitoring/10013.csv
10009,2021-06-30T20:45:14Z,WeatherObserved,43.47204,-3.80015,21.48,,0.0,,http://datos.santander.es/api/datos/sensores_smart_env_monitoring/10009.csv
10000,2021-06-30T20:44:31Z,WeatherObserved,43.47171,-3.80014,20.77,,0.0,,http://datos.santander.es/api/datos/sensores_smart_env_monitoring/10000.csv
10003,2021-06-30T20:44:24Z,WeatherObserved,43.47191,-3.80033,21.67,,0.0,,http://datos.santander.es/api/datos/sensores_smart_env_monitoring/10003.csv
10008,2021-06-30T20:44:15Z,WeatherObserved,43.47207,-3.80021,20.38,,0.0,,http://datos.santander.es/api/datos/sensores_smart_env_monitoring/10008.csv
10002,2021-06-30T20:44:04Z,WeatherObserved,43.47181,-3.80033,20.9,,0.0,,http://datos.santander.es/api/datos/sensores_smart_env_monitoring/10002.csv
10004,2021-06-30T20:43:54Z,WeatherObserved,43.47188,-3.80042,20.77,,0.0,,http://datos.santander.es/api/datos/sensores_smart_env_monitoring/10004.csv
10010,2021-06-30T20:43:44Z,WeatherObserved,43.47194,-3.80017,22.0,,0.0,,http://datos.santander.es/api/datos/sensores_smart_env_monitoring/10010.csv
10012,2021-06-30T20:43:27Z,WeatherObserved,43.472,-3.80008,22.06,,0.0,,http://datos.santander.es/api/datos/sensores_smart_env_monitoring/10012.csv
85,2021-03-22T13:31:26Z,WeatherObserved,43.46147,-3.80653,30.32,,,,http://datos.santander.es/api/datos/sensores_smart_env_monitoring/85.csv
55,2021-03-22T13:30:08Z,WeatherObserved,43.46104,-3.80693,14.25,,,,http://datos.santander.es/api/datos/sensores_smart_env_monitoring/55.csv
72,2021-03-22T13:28:39Z,WeatherObserved,43.46104,-3.80649,12.38,,,,http://datos.santander.es/api/datos/sensores_smart_env_monitoring/72.csv
160,2021-03-22T13:28:21Z,WeatherObserved,43.46176,-3.80509,15.29,,2.34,,http://datos.santander.es/api/datos/sensores_smart_env_monitoring/160.csv
73,2021-03-22T13:27:51Z,WeatherObserved,43.46145,-3.80681,13.22,,,,http://datos.santander.es/api/datos/sensores_smart_env_monitoring/73.csv
68,2021-03-22T13:27:39Z,WeatherObserved,43.46167,-3.80591,17.03,,,,http://datos.santander.es/api/datos/sensores_smart_env_monitoring/68.csv
170,2021-03-22T04:56:20Z,WeatherObserved,43.46225,-3.8,13.93,,0.0,,http://datos.santander.es/api/datos/sensores_smart_env_monitoring/170.csv
51,2021-01-17T12:04:22Z,WeatherObserved,43.47092,-3.80174,12.7,,,,http://datos.santander.es/api/datos/sensores_smart_env_monitoring/51.csv
167,2021-01-14T05:53:48Z,WeatherObserved,43.46207,-3.80189,6.77,,0.0,,http://datos.santander.es/api/datos/sensores_smart_env_monitoring/167.csv
2565,2021-01-04T09:09:00Z,WeatherObserved,43.46347,-3.79814,31.22,,0.54,,http://datos.santander.es/api/datos/sensores_smart_env_monitoring/2565.csv
3248,2020-12-05T04:40:39Z,WeatherObserved,43.46727,-3.81165,0.0,,,,http://datos.santander.es/api/datos/sensores_smart_env_monitoring/3248.csv
312,2020-12-05T04:38:57Z,WeatherObserved,43.46298,-3.80439,7.22,,0.0,,http://datos.santander.es/api/datos/sensores_smart_env_monitoring/312.csv
310,2020-12-05T04:36:58Z,WeatherObserved,43.46305,-3.80391,7.74,,0.0,,http://datos.santander.es/api/datos/sensores_smart_env_monitoring/310.csv
10020,2020-12-03T22:48:01Z,WeatherObserved,43.46016,-3.83115,6.06,,0.0,,http://datos.santander.es/api/datos/sensores_smart_env_monitoring/10020.csv
545,2020-11-29T13:11:57Z,WeatherObserved,43.46307,-3.79925,16.9,,11.5,,http://datos.santander.es/api/datos/sensores_smart_env_monitoring/545.csv
171,2020-11-29T13:11:44Z,WeatherObserved,43.46229,-3.79956,22.58,,4530.49,,http://datos.santander.es/api/datos/sensores_smart_env_monitoring/171.csv
394,2020-11-29T13:11:27Z,WeatherObserved,43.46252,-3.79834,18.9,,645.74,,http://datos.santander.es/api/datos/sensores_smart_env_monitoring/394.csv
459,2020-11-29T13:10:32Z,WeatherObserved,43.46263,-3.7988,16.0,,517.26,,http://datos.santander.es/api/datos/sensores_smart_env_monitoring/459.csv
178,2020-11-29T13:10:26Z,WeatherObserved,43.46269,-3.7969,20.83,,1.65,,http://datos.santander.es/api/datos/sensores_smart_env_monitoring/178.csv
2566,2020-11-29T13:10:14Z,WeatherObserved,43.46286,-3.80351,16.51,,2908.92,,http://datos.santander.es/api/datos/sensores_smart_env_monitoring/2566.csv
281,2020-11-29T13:10:09Z,NoiseLevelObserved,43.46232,-3.79918,,,,69.7,http://datos.santander.es/api/datos/sensores_smart_env_monitoring/281.csv
398,2020-11-29T13:10:09Z,NoiseLevelObserved,43.46262,-3.79819,,,,53.6,http://datos.santander.es/api/datos/sensores_smart_env_monitoring/398.csv
177,2020-11-29T13:10:09Z,WeatherObserved,43.46252,-3.7972,0.0,,4.28,,http://datos.santander.es/api/datos/sensores_smart_env_monitoring/177.csv
547,2020-11-29T13:10:09Z,WeatherObserved,43.46292,-3.79825,18.12,,0.0,,http://datos.santander.es/api/datos/sensores_smart_env_monitoring/547.csv
42,2020-11-29T13:10:09Z,WeatherObserved,43.46181,-3.79944,18.7,,,,http://datos.santander.es/api/datos/sensores_smart_env_monitoring/42.csv
13,2020-11-29T13:10:09Z,WeatherObserved,43.46231,-3.79772,19.22,,,,http://datos.santander.es/api/datos/sensores_smart_env_monitoring/13.csv
175,2020-11-29T13:10:09Z,WeatherObserved,43.46243,-3.79794,0.0,,4627.15,,http://datos.santander.es/api/datos/sensores_smart_env_monitoring/175.csv
279,2020-11-29T13:10:09Z,WeatherObserved,43.46302,-3.79842,16.9,,1.82,,http://datos.santander.es/api/datos/sensores_smart_env_monitoring/279.csv
546,2020-11-29T13:10:09Z,WeatherObserved,43.46319,-3.79814,20.32,,0.0,,http://datos.santander.es/api/datos/sensores_smart_env_monitoring/546.csv
460,2020-11-29T13:10:09Z,WeatherObserved,43.46327,-3.79832,16.19,,481.66,,http://datos.santander.es/api/datos/sensores_smart_env_monitoring/460.csv
176,2020-11-28T02:08:55Z,WeatherObserved,43.46248,-3.79751,0.0,,0.0,,http://datos.santander.es/api/datos/sensores_smart_env_monitoring/176.csv
737,2020-09-09T05:30:22Z,NoiseLevelObserved,43.45487,-3.81289,,,,54.4,http://datos.santander.es/api/datos/sensores_smart_env_monitoring/737.csv
736,2020-09-09T05:29:42Z,NoiseLevelObserved,43.45466,-3.81251,,,,50.0,http://datos.santander.es/api/datos/sensores_smart_env_monitoring/736.csv
594,2020-09-09T05:29:16Z,WeatherObserved,43.45431,-3.81282,25.87,,0.0,,http://datos.santander.es/api/datos/sensores_smart_env_monitoring/594.csv
615,2020-09-09T05:28:47Z,WeatherObserved,43.45778,-3.80917,0.0,,919.88,,http://datos.santander.es/api/datos/sensores_smart_env_monitoring/615.csv
599,2020-09-09T05:28:13Z,WeatherObserved,43.45571,-3.81211,17.16,,0.0,,http://datos.santander.es/api/datos/sensores_smart_env_monitoring/599.csv
606,2020-09-09T05:27:27Z,WeatherObserved,43.45397,-3.81316,28.45,,0.0,,http://datos.santander.es/api/datos/sensores_smart_env_monitoring/606.csv
575,2020-09-09T05:27:26Z,WeatherObserved,43.4559,-3.81214,16.77,,0.0,,http://datos.santander.es/api/datos/sensores_smart_env_monitoring/575.csv
604,2020-09-09T05:26:53Z,WeatherObserved,43.45714,-3.81019,17.8,,0.0,,http://datos.santander.es/api/datos/sensores_smart_env_monitoring/604.csv
609,2020-09-09T05:26:44Z,WeatherObserved,43.45606,-3.81121,0.0,,0.0,,http://datos.santander.es/api/datos/sensores_smart_env_monitoring/609.csv
612,2020-09-09T05:25:53Z,WeatherObserved,43.4584,-3.80866,22.96,,0.0,,http://datos.santander.es/api/datos/sensores_smart_env_monitoring/612.csv
586,2020-09-09T05:25:46Z,WeatherObserved,43.45517,-3.81203,20.06,,0.0,,http://datos.santander.es/api/datos/sensores_smart_env_monitoring/586.csv
253,2020-03-05T15:26:45Z,NoiseLevelObserved,43.46227,-3.8031,,,,59.0,http://datos.santander.es/api/datos/sensores_smart_env_monitoring/253.csv
542,2019-12-12T17:02:58Z,WeatherObserved,43.4629,-3.79948,12.0,,0.06,,http://datos.santander.es/api/datos/sensores_smart_env_monitoring/542.csv
8,2019-12-12T17:02:51Z,WeatherObserved,43.46224,-3.79852,12.45,,,,http://datos.santander.es/api/datos/sensores_smart_env_monitoring/8.csv
543,2019-12-12T17:01:24Z,WeatherObserved,43.46267,-3.79951,11.67,,13.42,,http://datos.santander.es/api/datos/sensores_smart_env_monitoring/543.csv
393,2019-12-12T17:00:59Z,WeatherObserved,43.46238,-3.79942,14.0,,0.07,,http://datos.santander.es/api/datos/sensores_smart_env_monitoring/393.csv
12,2019-12-12T17:00:53Z,WeatherObserved,43.46198,-3.79796,13.54,,,,http://datos.santander.es/api/datos/sensores_smart_env_monitoring/12.csv
6,2019-12-12T09:54:35Z,WeatherObserved,43.46212,-3.79979,-7.67,,,,http://datos.santander.es/api/datos/sensores_smart_env_monitoring/6.csv
3224,2019-12-02T03:07:25Z,WeatherObserved,43.47556,-3.79906,0.0,,,,http://datos.santander.es/api/datos/sensores_smart_env_monitoring/3224.csv
735,2019-11-11T12:44:04Z,NoiseLevelObserved,43.45536,-3.81187,,,,258.0,http://datos.santander.es/api/datos/sensores_smart_env_monitoring/735.csv
583,2019-11-01T16:23:44Z,WeatherObserved,43.45566,-3.81157,18.38,,0.0,,http://datos.santander.es/api/datos/sensores_smart_env_monitoring/583.csv
11,2019-10-27T15:17:21Z,WeatherObserved,43.46206,-3.79749,-8.45,,,,http://datos.santander.es/api/datos/sensores_smart_env_monitoring/11.csv
593,2019-10-27T10:32:19Z,WeatherObserved,43.45686,-3.81044,22.96,,544.7,,http://datos.santander.es/api/datos/sensores_smart_env_monitoring/593.csv
248,2019-10-22T07:49:09Z,WeatherObserved,43.46259,-3.80368,14.0,,0.0,,http://datos.santander.es/api/datos/sensores_smart_env_monitoring/248.csv
3,2019-10-20T10:50:38Z,WeatherObserved,43.46192,-3.80176,10.25,,,,http://datos.santander.es/api/datos/sensores_smart_env_monitoring/3.csv
165,2019-10-20T10:49:03Z,WeatherObserved,43.46187,-3.80382,11.22,,17.15,,http://datos.santander.es/api/datos/sensores_smart_env_monitoring/165.csv
5,2019-10-18T04:18:07Z,WeatherObserved,43.46203,-3.80058,16.25,,,,http://datos.santander.es/api/datos/sensores_smart_env_monitoring/5.csv
2,2019-10-18T03:25:17Z,WeatherObserved,43.46184,-3.80202,15.87,,0.64,,http://datos.santander.es/api/datos/sensores_smart_env_monitoring/2.csv
246,2019-04-10T16:05:00Z,NoiseLevelObserved,43.46242,-3.80549,,,,54.0,http://datos.santander.es/api/datos/sensores_smart_env_monitoring/246.csv
449,2019-04-10T16:04:32Z,WeatherObserved,43.46208,-3.80741,13.22,,0.0,,http://datos.santander.es/api/datos/sensores_smart_env_monitoring/449.csv
450,2019-04-10T16:04:19Z,WeatherObserved,43.4618,-3.80757,13.29,,0.0,,http://datos.santander.es/api/datos/sensores_smart_env_monitoring/450.csv
237,2019-04-10T16:04:13Z,NoiseLevelObserved,43.46217,-3.80704,,,,50.0,http://datos.santander.es/api/datos/sensores_smart_env_monitoring/237.csv
232,2019-04-10T16:02:55Z,WeatherObserved,43.46219,-3.80768,11.67,,0.0,,http://datos.santander.es/api/datos/sensores_smart_env_monitoring/232.csv
245,2019-04-10T16:02:26Z,WeatherObserved,43.46204,-3.80485,13.67,,114.78,,http://datos.santander.es/api/datos/sensores_smart_env_monitoring/245.csv
234,2019-04-10T16:02:11Z,WeatherObserved,43.46284,-3.80716,14.0,,7.91,,http://datos.santander.es/api/datos/sensores_smart_env_monitoring/234.csv
241,2019-04-10T16:02:08Z,WeatherObserved,43.46264,-3.80544,13.41,,0.0,,http://datos.santander.es/api/datos/sensores_smart_env_monitoring/241.csv
242,2019-04-10T16:01:15Z,WeatherObserved,43.46246,-3.80542,14.06,,3.27,,http://datos.santander.es/api/datos/sensores_smart_env_monitoring/242.csv
239,2019-04-10T16:01:11Z,WeatherObserved,43.46211,-3.80737,13.8,,0.0,,http://datos.santander.es/api/datos/sensores_smart_env_monitoring/239.csv
233,2019-04-10T16:00:40Z,WeatherObserved,43.4625,-3.80753,11.74,,0.0,,http://datos.santander.es/api/datos/sensores_smart_env_monitoring/233.csv
235,2019-04-10T16:00:21Z,WeatherObserved,43.46282,-3.80735,14.25,,0.0,,http://datos.santander.es/api/datos/sensores_smart_env_monitoring/235.csv
297,2019-03-01T04:09:45Z,NoiseLevelObserved,43.46386,-3.79968,,,,65.5,http://datos.santander.es/api/datos/sensores_smart_env_monitoring/297.csv
305,2019-02-27T10:27:10Z,WeatherObserved,43.46465,-3.79743,22.58,,49.94,,http://datos.santander.es/api/datos/sensores_smart_env_monitoring/305.csv
744,2019-02-19T01:52:31Z,WeatherObserved,43.45706,-3.81364,0.0,,0.0,,http://datos.santander.es/api/datos/sensores_smart_env_monitoring/744.csv
364,2019-01-30T03:22:49Z,WeatherObserved,43.46323,-3.81102,8.12,,0.0,,http://datos.santander.es/api/datos/sensores_smart_env_monitoring/364.csv
341,2019-01-09T11:36:36Z,WeatherObserved,43.46359,-3.80626,11.22,,0.0,,http://datos.santander.es/api/datos/sensores_smart_env_monitoring/341.csv
505,2019-01-09T11:35:40Z,WeatherObserved,43.46359,-3.80555,10.96,,127.42,,http://datos.santander.es/api/datos/sensores_smart_env_monitoring/505.csv
502,2019-01-09T11:33:59Z,WeatherObserved,43.46385,-3.80613,10.51,,0.0,,http://datos.santander.es/api/datos/sensores_smart_env_monitoring/502.csv
484,2019-01-09T11:33:44Z,WeatherObserved,43.46474,-3.8067,10.25,,0.0,,http://datos.santander.es/api/datos/sensores_smart_env_monitoring/484.csv
530,2018-12-24T17:16:41Z,WeatherObserved,43.46316,-3.80046,13.61,,0.0,,http://datos.santander.es/api/datos/sensores_smart_env_monitoring/530.csv
407,2018-12-02T12:38:11Z,NoiseLevelObserved,43.46294,-3.79703,,,,100.0,http://datos.santander.es/api/datos/sensores_smart_env_monitoring/407.csv
401,2018-12-01T21:14:01Z,WeatherObserved,43.46275,-3.79753,13.74,,0.1,,http://datos.santander.es/api/datos/sensores_smart_env_monitoring/401.csv
613,2018-11-30T11:14:01Z,WeatherObserved,43.4566,-3.81069,0.0,,0.0,,http://datos.santander.es/api/datos/sensores_smart_env_monitoring/613.csv
482,2018-11-20T10:41:45Z,WeatherObserved,43.4647,-3.80774,10.32,,222.71,,http://datos.santander.es/api/datos/sensores_smart_env_monitoring/482.csv
3240,2018-11-07T10:18:39Z,WeatherObserved,43.45276,-3.82524,0.0,,,,http://datos.santander.es/api/datos/sensores_smart_env_monitoring/3240.csv
495,2018-09-25T11:59:46Z,WeatherObserved,43.46436,-3.80607,0.0,,29877.53,,http://datos.santander.es/api/datos/sensores_smart_env_monitoring/495.csv
2526,2018-07-16T06:22:04Z,WeatherObserved,43.4525,-3.82652,17.03,,0.0,,http://datos.santander.es/api/datos/sensores_smart_env_monitoring/2526.csv
2536,2018-07-16T06:21:51Z,WeatherObserved,43.45427,-3.82798,17.22,,197.5,,http://datos.santander.es/api/datos/sensores_smart_env_monitoring/2536.csv
587,2018-07-16T06:21:33Z,WeatherObserved,43.45196,-3.82559,16.45,,0.0,,http://datos.santander.es/api/datos/sensores_smart_env_monitoring/587.csv
579,2018-07-16T06:21:00Z,WeatherObserved,43.4529,-3.82488,17.03,,0.0,,http://datos.santander.es/api/datos/sensores_smart_env_monitoring/579.csv
2540,2018-07-16T06:20:55Z,WeatherObserved,43.45346,-3.82851,17.41,,0.0,,http://datos.santander.es/api/datos/sensores_smart_env_monitoring/2540.csv
2532,2018-07-16T06:20:42Z,WeatherObserved,43.45255,-3.82808,17.16,,0.0,,http://datos.santander.es/api/datos/sensores_smart_env_monitoring/2532.csv
2541,2018-07-16T06:20:39Z,WeatherObserved,43.45321,-3.82802,16.38,,0.0,,http://datos.santander.es/api/datos/sensores_smart_env_monitoring/2541.csv
616,2018-07-16T06:19:52Z,WeatherObserved,43.45269,-3.82661,17.29,,137.06,,http://datos.santander.es/api/datos/sensores_smart_env_monitoring/616.csv
2521,2018-07-16T06:19:28Z,WeatherObserved,43.45355,-3.82443,14.96,,0.0,,http://datos.santander.es/api/datos/sensores_smart_env_monitoring/2521.csv
582,2018-07-16T06:19:01Z,WeatherObserved,43.45223,-3.82481,0.0,,64.1,,http://datos.santander.es/api/datos/sensores_smart_env_monitoring/582.csv
2530,2018-07-16T06:17:50Z,WeatherObserved,43.45418,-3.82829,16.12,,54.0,,http://datos.santander.es/api/datos/sensores_smart_env_monitoring/2530.csv
597,2018-07-16T06:17:33Z,WeatherObserved,43.4524,-3.82758,15.22,,107.68,,http://datos.santander.es/api/datos/sensores_smart_env_monitoring/597.csv
512,2018-07-15T22:26:10Z,WeatherObserved,43.46417,-3.80979,0.0,,0.0,,http://datos.santander.es/api/datos/sensores_smart_env_monitoring/512.csv
267,2018-07-06T19:11:12Z,WeatherObserved,43.46276,-3.80071,25.29,,0.01,,http://datos.santander.es/api/datos/sensores_smart_env_monitoring/267.csv
391,2018-06-29T01:49:31Z,WeatherObserved,43.46222,-3.80286,18.12,,0.0,,http://datos.santander.es/api/datos/sensores_smart_env_monitoring/391.csv
548,2018-06-08T15:42:54Z,WeatherObserved,43.46266,-3.79845,17.29,,15.59,,http://datos.santander.es/api/datos/sensores_smart_env_monitoring/548.csv
174,2018-06-07T17:57:38Z,WeatherObserved,43.4624,-3.79832,17.67,,0.0,,http://datos.santander.es/api/datos/sensores_smart_env_monitoring/174.csv
300,2018-05-21T07:45:30Z,WeatherObserved,43.46393,-3.79859,0.0,,0.0,,http://datos.santander.es/api/datos/sensores_smart_env_monitoring/300.csv
169,2018-04-06T05:50:50Z,WeatherObserved,43.46224,-3.80034,16.9,,877.02,,http://datos.santander.es/api/datos/sensores_smart_env_monitoring/169.csv
541,2018-03-24T11:06:44Z,WeatherObserved,43.46254,-3.80006,11.09,,846.56,,http://datos.santander.es/api/datos/sensores_smart_env_monitoring/541.csv
388,2018-03-22T23:48:08Z,WeatherObserved,43.46207,-3.80157,6.0,,0.0,,http://datos.santander.es/api/datos/sensores_smart_env_monitoring/388.csv
366,2018-02-28T00:29:31Z,NoiseLevelObserved,43.46324,-3.81126,,,,65.0,http://datos.santander.es/api/datos/sensores_smart_env_monitoring/366.csv
430,2018-02-08T08:37:38Z,WeatherObserved,43.4625,-3.81401,4.32,,10.48,,http://datos.santander.es/api/datos/sensores_smart_env_monitoring/430.csv
433,2018-02-08T08:37:36Z,WeatherObserved,43.46264,-3.81297,5.54,,0.0,,http://datos.santander.es/api/datos/sensores_smart_env_monitoring/433.csv
222,2018-02-08T08:37:31Z,WeatherObserved,43.46217,-3.81334,3.54,,0.0,,http://datos.santander.es/api/datos/sensores_smart_env_monitoring/222.csv
211,2018-02-08T08:37:15Z,WeatherObserved,43.46321,-3.81407,4.45,,57.03,,http://datos.santander.es/api/datos/sensores_smart_env_monitoring/211.csv
227,2018-02-08T08:37:06Z,WeatherObserved,43.46337,-3.81259,4.83,,1.22,,http://datos.santander.es/api/datos/sensores_smart_env_monitoring/227.csv
268,2018-02-08T08:36:47Z,WeatherObserved,43.46322,-3.80132,0.0,,6561887.4,,http://datos.santander.es/api/datos/sensores_smart_env_monitoring/268.csv
208,2018-02-08T08:36:45Z,WeatherObserved,43.46338,-3.8131,5.22,,192.53,,http://datos.santander.es/api/datos/sensores_smart_env_monitoring/208.csv
218,2018-02-08T08:36:38Z,WeatherObserved,43.46255,-3.81374,3.8,,0.0,,http://datos.santander.es/api/datos/sensores_smart_env_monitoring/218.csv
377,2018-02-08T08:36:36Z,NoiseLevelObserved,43.4637,-3.80979,,,,67.0,http://datos.santander.es/api/datos/sensores_smart_env_monitoring/377.csv
228,2018-02-08T08:35:41Z,WeatherObserved,43.46303,-3.81298,5.8,,224.65,,http://datos.santander.es/api/datos/sensores_smart_env_monitoring/228.csv
432,2018-02-08T08:35:40Z,WeatherObserved,43.46305,-3.81442,4.7,,0.0,,http://datos.santander.es/api/datos/sensores_smart_env_monitoring/432.csv
231,2018-02-08T08:35:22Z,NoiseLevelObserved,43.46297,-3.81143,,,,59.2,http://datos.santander.es/api/datos/sensores_smart_env_monitoring/231.csv
223,2018-02-08T08:35:18Z,WeatherObserved,43.46222,-3.81364,5.09,,36.18,,http://datos.santander.es/api/datos/sensores_smart_env_monitoring/223.csv
217,2018-02-08T08:35:18Z,WeatherObserved,43.46258,-3.81339,2.96,,48.78,,http://datos.santander.es/api/datos/sensores_smart_env_monitoring/217.csv
215,2018-02-08T08:35:15Z,WeatherObserved,43.46287,-3.81365,4.51,,5.67,,http://datos.santander.es/api/datos/sensores_smart_env_monitoring/215.csv
225,2018-02-08T08:34:50Z,WeatherObserved,43.46217,-3.81312,4.25,,0.0,,http://datos.santander.es/api/datos/sensores_smart_env_monitoring/225.csv
214,2018-02-08T08:34:37Z,WeatherObserved,43.46311,-3.81368,5.61,,0.0,,http://datos.santander.es/api/datos/sensores_smart_env_monitoring/214.csv
229,2018-02-08T08:34:32Z,WeatherObserved,43.46216,-3.81199,5.35,,0.0,,http://datos.santander.es/api/datos/sensores_smart_env_monitoring/229.csv
221,2018-02-08T08:33:56Z,WeatherObserved,43.46229,-3.81277,4.83,,0.0,,http://datos.santander.es/api/datos/sensores_smart_env_monitoring/221.csv
209,2018-02-08T08:33:35Z,WeatherObserved,43.46328,-3.81343,4.77,,0.0,,http://datos.santander.es/api/datos/sensores_smart_env_monitoring/209.csv
230,2018-02-08T08:33:26Z,WeatherObserved,43.46216,-3.81176,5.48,,0.0,,http://datos.santander.es/api/datos/sensores_smart_env_monitoring/230.csv
226,2018-02-08T08:31:59Z,NoiseLevelObserved,43.46244,-3.8116,,,,69.5,http://datos.santander.es/api/datos/sensores_smart_env_monitoring/226.csv
742,2018-02-06T03:37:05Z,NoiseLevelObserved,43.46078,-3.81848,,,,67.5,http://datos.santander.es/api/datos/sensores_smart_env_monitoring/742.csv
686,2018-02-06T03:36:54Z,WeatherObserved,43.46056,-3.81936,5.09,,0.0,,http://datos.santander.es/api/datos/sensores_smart_env_monitoring/686.csv
692,2018-02-06T03:36:25Z,WeatherObserved,43.4597,-3.82137,7.03,,0.0,,http://datos.santander.es/api/datos/sensores_smart_env_monitoring/692.csv
673,2018-02-06T03:35:31Z,WeatherObserved,43.45943,-3.82223,7.29,,0.0,,http://datos.santander.es/api/datos/sensores_smart_env_monitoring/673.csv
668,2018-02-06T03:35:25Z,WeatherObserved,43.46029,-3.81907,5.8,,0.0,,http://datos.santander.es/api/datos/sensores_smart_env_monitoring/668.csv
682,2018-02-06T03:35:17Z,WeatherObserved,43.46017,-3.81944,5.48,,0.0,,http://datos.santander.es/api/datos/sensores_smart_env_monitoring/682.csv
661,2018-02-06T03:35:08Z,WeatherObserved,43.46039,-3.81873,4.24,,2.0,,http://datos.santander.es/api/datos/sensores_smart_env_monitoring/661.csv
743,2018-02-06T03:34:09Z,NoiseLevelObserved,43.45903,-3.82485,,,,50.0,http://datos.santander.es/api/datos/sensores_smart_env_monitoring/743.csv
678,2018-02-06T03:33:59Z,WeatherObserved,43.46069,-3.81765,0.0,,0.1,,http://datos.santander.es/api/datos/sensores_smart_env_monitoring/678.csv
689,2018-02-06T03:33:37Z,WeatherObserved,43.46008,-3.821,5.54,,0.0,,http://datos.santander.es/api/datos/sensores_smart_env_monitoring/689.csv
656,2018-02-06T03:33:14Z,WeatherObserved,43.45993,-3.82042,4.9,,0.0,,http://datos.santander.es/api/datos/sensores_smart_env_monitoring/656.csv
243,2018-02-06T03:32:44Z,WeatherObserved,43.46239,-3.8052,7.29,,0.07,,http://datos.santander.es/api/datos/sensores_smart_env_monitoring/243.csv
681,2018-02-06T03:32:32Z,WeatherObserved,43.45859,-3.82551,0.0,,0.0,,http://datos.santander.es/api/datos/sensores_smart_env_monitoring/681.csv
691,2018-02-06T03:28:13Z,WeatherObserved,43.46068,-3.81887,5.74,,0.0,,http://datos.santander.es/api/datos/sensores_smart_env_monitoring/691.csv
345,2018-01-25T09:25:20Z,WeatherObserved,43.46339,-3.80582,10.45,,301.23,,http://datos.santander.es/api/datos/sensores_smart_env_monitoring/345.csv
623,2018-01-11T02:13:26Z,WeatherObserved,43.45733,-3.80973,0.0,,0.0,,http://datos.santander.es/api/datos/sensores_smart_env_monitoring/623.csv
61,2017-12-14T19:35:28Z,WeatherObserved,43.46086,-3.808,13.8,,,,http://datos.santander.es/api/datos/sensores_smart_env_monitoring/61.csv
420,2017-12-14T19:31:08Z,WeatherObserved,43.46173,-3.80836,0.0,,0.07,,http://datos.santander.es/api/datos/sensores_smart_env_monitoring/420.csv
429,2017-12-14T19:31:08Z,NoiseLevelObserved,43.46168,-3.81093,,,,67.7,http://datos.santander.es/api/datos/sensores_smart_env_monitoring/429.csv
424,2017-12-14T14:47:16Z,NoiseLevelObserved,43.4615,-3.8093,,,,58.0,http://datos.santander.es/api/datos/sensores_smart_env_monitoring/424.csv
412,2017-12-14T14:37:21Z,WeatherObserved,43.46152,-3.80949,0.0,,66.14,,http://datos.santander.es/api/datos/sensores_smart_env_monitoring/412.csv
207,2017-12-14T14:37:03Z,NoiseLevelObserved,43.46128,-3.80852,,,,75.0,http://datos.santander.es/api/datos/sensores_smart_env_monitoring/207.csv
204,2017-12-14T10:43:27Z,WeatherObserved,43.46202,-3.80839,13.61,,476.83,,http://datos.santander.es/api/datos/sensores_smart_env_monitoring/204.csv
60,2017-12-14T07:41:55Z,WeatherObserved,43.46078,-3.80802,11.35,,,,http://datos.santander.es/api/datos/sensores_smart_env_monitoring/60.csv
203,2017-12-14T06:21:02Z,WeatherObserved,43.46218,-3.80864,12.06,,0.0,,http://datos.santander.es/api/datos/sensores_smart_env_monitoring/203.csv
64,2017-12-14T05:34:59Z,WeatherObserved,43.46156,-3.80745,11.67,,,,http://datos.santander.es/api/datos/sensores_smart_env_monitoring/64.csv
425,2017-12-14T05:34:58Z,WeatherObserved,43.4613,-3.80908,11.61,,0.0,,http://datos.santander.es/api/datos/sensores_smart_env_monitoring/425.csv
428,2017-12-14T05:34:47Z,WeatherObserved,43.46161,-3.81068,9.8,,0.03,,http://datos.santander.es/api/datos/sensores_smart_env_monitoring/428.csv
205,2017-12-14T05:34:23Z,WeatherObserved,43.46157,-3.80849,11.93,,0.02,,http://datos.santander.es/api/datos/sensores_smart_env_monitoring/205.csv
421,2017-12-14T05:33:55Z,WeatherObserved,43.4615,-3.80862,9.67,,0.0,,http://datos.santander.es/api/datos/sensores_smart_env_monitoring/421.csv
426,2017-12-14T05:33:43Z,WeatherObserved,43.46133,-3.80936,0.0,,0.0,,http://datos.santander.es/api/datos/sensores_smart_env_monitoring/426.csv
415,2017-12-14T00:39:56Z,WeatherObserved,43.46133,-3.80822,10.77,,0.18,,http://datos.santander.es/api/datos/sensores_smart_env_monitoring/415.csv
418,2017-12-14T00:23:53Z,WeatherObserved,43.46152,-3.80775,0.0,,0.02,,http://datos.santander.es/api/datos/sensores_smart_env_monitoring/418.csv
56,2017-12-13T23:00:19Z,WeatherObserved,43.46102,-3.80743,12.7,,0.54,,http://datos.santander.es/api/datos/sensores_smart_env_monitoring/56.csv
411,2017-12-13T23:00:19Z,WeatherObserved,43.46144,-3.81,12.77,,0.0,,http://datos.santander.es/api/datos/sensores_smart_env_monitoring/411.csv
62,2017-12-13T23:00:17Z,WeatherObserved,43.4609,-3.80786,11.87,,,,http://datos.santander.es/api/datos/sensores_smart_env_monitoring/62.csv
57,2017-12-13T22:05:28Z,WeatherObserved,43.46096,-3.80778,12.25,,,,http://datos.santander.es/api/datos/sensores_smart_env_monitoring/57.csv
202,2017-12-13T20:00:59Z,WeatherObserved,43.46217,-3.80892,13.74,,0.13,,http://datos.santander.es/api/datos/sensores_smart_env_monitoring/202.csv
251,2017-12-11T06:51:52Z,WeatherObserved,43.46225,-3.80332,9.0,,0.0,,http://datos.santander.es/api/datos/sensores_smart_env_monitoring/251.csv
180,2017-12-10T04:24:19Z,WeatherObserved,43.46301,-3.79621,0.0,,15.46,,http://datos.santander.es/api/datos/sensores_smart_env_monitoring/180.csv
319,2017-12-01T21:50:53Z,WeatherObserved,43.46291,-3.80318,0.0,,0.0,,http://datos.santander.es/api/datos/sensores_smart_env_monitoring/319.csv
93,2017-10-18T08:37:11Z,WeatherObserved,43.46074,-3.80812,-36.58,,,,http://datos.santander.es/api/datos/sensores_smart_env_monitoring/93.csv
74,2017-10-18T08:35:44Z,WeatherObserved,43.46138,-3.8076,-39.09,,,,http://datos.santander.es/api/datos/sensores_smart_env_monitoring/74.csv
66,2017-10-16T05:56:30Z,WeatherObserved,43.46162,-3.80669,228.77,,,,http://datos.santander.es/api/datos/sensores_smart_env_monitoring/66.csv
558,2017-10-04T07:02:58Z,WeatherObserved,43.45075,-3.82911,17.35,,0.0,,http://datos.santander.es/api/datos/sensores_smart_env_monitoring/558.csv
